,ID,target
7598,7599,1
7599,7600,1
7600,7601,0
7601,7602,1
7602,7603,1
7603,7604,1
7604,7605,1
7605,7606,1
7606,7607,1
7607,7608,1
7608,7609,1
7609,7610,0
7610,7611,0
7611,7612,1
7612,7613,1
7613,7614,1
7614,7615,1
7615,7616,1
7616,7617,1
7617,7618,1
7618,7619,1
7619,7620,0
7620,7621,0
7621,7622,1
7622,7623,1
7623,7624,1
7624,7625,1
7625,7626,1
7626,7627,1
7627,7628,1
7628,7629,1
7629,7630,1
7630,7631,1
7631,7632,1
7632,7633,0
7633,7634,1
7634,7635,1
7635,7636,0
7636,7637,1
7637,7638,1
7638,7639,1
7639,7640,1
7640,7641,0
7641,7642,1
7642,7643,0
7643,7644,0
7644,7645,1
7645,7646,0
7646,7647,1
7647,7648,1
7648,7649,1
7649,7650,1
7650,7651,1
7651,7652,1
7652,7653,1
7653,7654,1
7654,7655,1
7655,7656,1
7656,7657,1
7657,7658,1
7658,7659,1
7659,7660,1
7660,7661,1
7661,7662,0
7662,7663,1
7663,7664,1
7664,7665,1
7665,7666,1
7666,7667,1
7667,7668,1
7668,7669,1
7669,7670,1
7670,7671,0
7671,7672,1
7672,7673,1
7673,7674,1
7674,7675,1
7675,7676,0
7676,7677,1
7677,7678,1
7678,7679,0
7679,7680,1
7680,7681,1
7681,7682,1
7682,7683,1
7683,7684,1
7684,7685,1
7685,7686,1
7686,7687,1
7687,7688,1
7688,7689,1
7689,7690,1
7690,7691,1
7691,7692,1
7692,7693,1
7693,7694,1
7694,7695,0
7695,7696,1
7696,7697,1
7697,7698,1
7698,7699,1
7699,7700,1
7700,7701,1
7701,7702,1
7702,7703,1
7703,7704,1
7704,7705,1
7705,7706,0
7706,7707,0
7707,7708,1
7708,7709,1
7709,7710,1
7710,7711,1
7711,7712,1
7712,7713,1
7713,7714,1
7714,7715,1
7715,7716,1
7716,7717,1
7717,7718,1
7718,7719,1
7719,7720,1
7720,7721,1
7721,7722,0
7722,7723,1
7723,7724,1
7724,7725,1
7725,7726,1
7726,7727,1
7727,7728,1
7728,7729,0
7729,7730,1
7730,7731,1
7731,7732,1
7732,7733,1
7733,7734,1
7734,7735,0
7735,7736,0
7736,7737,1
7737,7738,1
7738,7739,1
7739,7740,1
7740,7741,1
7741,7742,1
7742,7743,0
7743,7744,1
7744,7745,0
7745,7746,1
7746,7747,1
7747,7748,1
7748,7749,1
7749,7750,0
7750,7751,0
7751,7752,1
7752,7753,1
7753,7754,0
7754,7755,1
7755,7756,1
7756,7757,1
7757,7758,1
7758,7759,1
7759,7760,1
7760,7761,1
7761,7762,1
7762,7763,1
7763,7764,1
7764,7765,1
7765,7766,0
7766,7767,1
7767,7768,1
7768,7769,1
7769,7770,1
7770,7771,1
7771,7772,1
7772,7773,1
7773,7774,1
7774,7775,1
7775,7776,0
7776,7777,1
7777,7778,1
7778,7779,1
7779,7780,1
7780,7781,1
7781,7782,0
7782,7783,1
7783,7784,1
7784,7785,0
7785,7786,1
7786,7787,1
7787,7788,1
7788,7789,1
7789,7790,1
7790,7791,1
7791,7792,0
7792,7793,1
7793,7794,1
7794,7795,0
7795,7796,1
7796,7797,0
7797,7798,1
7798,7799,1
7799,7800,1
7800,7801,1
7801,7802,0
7802,7803,0
7803,7804,0
7804,7805,1
7805,7806,0
7806,7807,0
7807,7808,1
7808,7809,1
7809,7810,1
7810,7811,1
7811,7812,1
7812,7813,1
7813,7814,1
7814,7815,1
7815,7816,1
7816,7817,1
7817,7818,0
7818,7819,1
7819,7820,1
7820,7821,0
7821,7822,1
7822,7823,1
7823,7824,1
7824,7825,1
7825,7826,0
7826,7827,1
7827,7828,1
7828,7829,1
7829,7830,0
7830,7831,1
7831,7832,1
7832,7833,1
7833,7834,0
7834,7835,1
7835,7836,1
7836,7837,1
7837,7838,1
7838,7839,1
7839,7840,0
7840,7841,0
7841,7842,1
7842,7843,0
7843,7844,1
7844,7845,1
7845,7846,0
7846,7847,1
7847,7848,1
7848,7849,1
7849,7850,1
7850,7851,1
7851,7852,1
7852,7853,1
7853,7854,0
7854,7855,1
7855,7856,1
7856,7857,1
7857,7858,1
7858,7859,1
7859,7860,1
7860,7861,1
7861,7862,1
7862,7863,1
7863,7864,1
7864,7865,1
7865,7866,1
7866,7867,1
7867,7868,0
7868,7869,0
7869,7870,1
7870,7871,1
7871,7872,1
7872,7873,1
7873,7874,1
7874,7875,1
7875,7876,1
7876,7877,0
7877,7878,0
7878,7879,1
7879,7880,1
7880,7881,1
7881,7882,1
7882,7883,1
7883,7884,1
7884,7885,1
7885,7886,1
7886,7887,0
7887,7888,1
7888,7889,1
7889,7890,0
7890,7891,1
7891,7892,0
7892,7893,1
7893,7894,1
7894,7895,1
7895,7896,0
7896,7897,1
7897,7898,1
7898,7899,1
7899,7900,1
7900,7901,1
7901,7902,1
7902,7903,1
7903,7904,1
7904,7905,1
7905,7906,1
7906,7907,1
7907,7908,1
7908,7909,1
7909,7910,1
7910,7911,1
7911,7912,1
7912,7913,1
7913,7914,1
7914,7915,0
7915,7916,1
7916,7917,1
7917,7918,1
7918,7919,1
7919,7920,1
7920,7921,1
7921,7922,1
7922,7923,1
7923,7924,1
7924,7925,0
7925,7926,1
7926,7927,0
7927,7928,1
7928,7929,1
7929,7930,1
7930,7931,1
7931,7932,1
7932,7933,1
7933,7934,1
7934,7935,1
7935,7936,0
7936,7937,1
7937,7938,1
7938,7939,0
7939,7940,1
7940,7941,1
7941,7942,1
7942,7943,1
7943,7944,0
7944,7945,1
7945,7946,1
7946,7947,1
7947,7948,1
7948,7949,1
7949,7950,1
7950,7951,0
7951,7952,1
7952,7953,1
7953,7954,1
7954,7955,0
7955,7956,1
7956,7957,1
7957,7958,1
7958,7959,1
7959,7960,1
7960,7961,1
7961,7962,1
7962,7963,1
7963,7964,0
7964,7965,0
7965,7966,1
7966,7967,1
7967,7968,1
7968,7969,1
7969,7970,1
7970,7971,1
7971,7972,1
7972,7973,0
7973,7974,1
7974,7975,1
7975,7976,1
7976,7977,1
7977,7978,1
7978,7979,1
7979,7980,0
7980,7981,0
7981,7982,1
7982,7983,0
7983,7984,1
7984,7985,1
7985,7986,1
7986,7987,1
7987,7988,1
7988,7989,1
7989,7990,1
7990,7991,1
7991,7992,1
7992,7993,0
7993,7994,1
7994,7995,1
7995,7996,1
7996,7997,1
7997,7998,1
7998,7999,1
7999,8000,1
8000,8001,1
8001,8002,1
8002,8003,1
8003,8004,1
8004,8005,1
8005,8006,1
8006,8007,1
8007,8008,1
8008,8009,1
8009,8010,1
8010,8011,1
8011,8012,1
8012,8013,1
8013,8014,1
8014,8015,1
8015,8016,1
8016,8017,1
8017,8018,1
8018,8019,1
8019,8020,1
8020,8021,1
8021,8022,0
8022,8023,1
8023,8024,1
8024,8025,1
8025,8026,1
8026,8027,1
8027,8028,1
8028,8029,1
8029,8030,1
8030,8031,1
8031,8032,1
8032,8033,1
8033,8034,1
8034,8035,1
8035,8036,1
8036,8037,1
8037,8038,1
8038,8039,1
8039,8040,0
8040,8041,0
8041,8042,1
8042,8043,0
8043,8044,1
8044,8045,0
8045,8046,0
8046,8047,1
8047,8048,0
8048,8049,1
8049,8050,1
8050,8051,1
8051,8052,1
8052,8053,1
8053,8054,1
8054,8055,0
8055,8056,1
8056,8057,1
8057,8058,1
8058,8059,1
8059,8060,1
8060,8061,1
8061,8062,1
8062,8063,1
8063,8064,1
8064,8065,1
8065,8066,0
8066,8067,1
8067,8068,1
8068,8069,1
8069,8070,1
8070,8071,1
8071,8072,1
8072,8073,1
8073,8074,1
8074,8075,1
8075,8076,0
8076,8077,1
8077,8078,1
8078,8079,1
8079,8080,1
8080,8081,0
8081,8082,1
8082,8083,1
8083,8084,1
8084,8085,1
8085,8086,1
8086,8087,1
8087,8088,0
8088,8089,1
8089,8090,1
8090,8091,0
8091,8092,1
8092,8093,0
8093,8094,1
8094,8095,0
8095,8096,1
8096,8097,1
8097,8098,1
8098,8099,1
8099,8100,1
8100,8101,1
8101,8102,1
8102,8103,0
8103,8104,1
8104,8105,1
8105,8106,1
8106,8107,1
8107,8108,1
8108,8109,1
8109,8110,1
8110,8111,0
8111,8112,1
8112,8113,1
8113,8114,0
8114,8115,1
8115,8116,1
8116,8117,1
8117,8118,1
8118,8119,0
8119,8120,0
8120,8121,1
8121,8122,1
8122,8123,1
8123,8124,1
8124,8125,1
8125,8126,0
8126,8127,1
8127,8128,1
8128,8129,0
8129,8130,1
8130,8131,1
8131,8132,1
8132,8133,1
8133,8134,1
8134,8135,1
8135,8136,1
8136,8137,0
8137,8138,1
8138,8139,1
8139,8140,1
8140,8141,1
8141,8142,1
8142,8143,1
8143,8144,1
8144,8145,1
8145,8146,1
8146,8147,1
8147,8148,1
8148,8149,1
8149,8150,1
8150,8151,1
8151,8152,1
8152,8153,1
8153,8154,1
8154,8155,1
8155,8156,0
8156,8157,1
8157,8158,1
8158,8159,0
8159,8160,0
8160,8161,0
8161,8162,0
8162,8163,1
8163,8164,1
8164,8165,1
8165,8166,1
8166,8167,1
8167,8168,1
8168,8169,1
8169,8170,1
8170,8171,1
8171,8172,1
8172,8173,0
8173,8174,1
8174,8175,1
8175,8176,1
8176,8177,0
8177,8178,1
8178,8179,1
8179,8180,0
8180,8181,1
8181,8182,1
8182,8183,0
8183,8184,1
8184,8185,1
8185,8186,1
8186,8187,0
8187,8188,1
8188,8189,1
8189,8190,1
8190,8191,1
8191,8192,0
8192,8193,1
8193,8194,0
8194,8195,1
8195,8196,0
8196,8197,1
8197,8198,1
8198,8199,1
8199,8200,1
8200,8201,1
8201,8202,1
8202,8203,0
8203,8204,1
8204,8205,1
8205,8206,1
8206,8207,0
8207,8208,1
8208,8209,1
8209,8210,1
8210,8211,1
8211,8212,1
8212,8213,1
8213,8214,1
8214,8215,1
8215,8216,0
8216,8217,1
8217,8218,0
8218,8219,1
8219,8220,0
8220,8221,1
8221,8222,1
8222,8223,1
8223,8224,1
8224,8225,1
8225,8226,1
8226,8227,1
8227,8228,1
8228,8229,1
8229,8230,1
8230,8231,1
8231,8232,1
8232,8233,1
8233,8234,1
8234,8235,1
8235,8236,1
8236,8237,0
8237,8238,1
8238,8239,1
8239,8240,0
8240,8241,1
8241,8242,0
8242,8243,0
8243,8244,1
8244,8245,1
8245,8246,0
8246,8247,0
8247,8248,1
8248,8249,1
8249,8250,1
8250,8251,1
8251,8252,1
8252,8253,1
8253,8254,0
8254,8255,1
8255,8256,1
8256,8257,1
8257,8258,1
8258,8259,0
8259,8260,1
8260,8261,1
8261,8262,1
8262,8263,1
8263,8264,1
8264,8265,1
8265,8266,1
8266,8267,1
8267,8268,1
8268,8269,1
8269,8270,1
8270,8271,0
8271,8272,1
8272,8273,0
8273,8274,0
8274,8275,1
8275,8276,1
8276,8277,0
8277,8278,1
8278,8279,1
8279,8280,1
8280,8281,1
8281,8282,1
8282,8283,1
8283,8284,1
8284,8285,1
8285,8286,1
8286,8287,1
8287,8288,1
8288,8289,1
8289,8290,1
8290,8291,1
8291,8292,0
8292,8293,1
8293,8294,1
8294,8295,0
8295,8296,0
8296,8297,1
8297,8298,0
8298,8299,1
8299,8300,1
8300,8301,0
8301,8302,1
8302,8303,1
8303,8304,1
8304,8305,1
8305,8306,1
8306,8307,1
8307,8308,1
8308,8309,1
8309,8310,1
8310,8311,0
8311,8312,0
8312,8313,1
8313,8314,1
8314,8315,1
8315,8316,1
8316,8317,1
8317,8318,1
8318,8319,1
8319,8320,1
8320,8321,0
8321,8322,1
8322,8323,0
8323,8324,1
8324,8325,1
8325,8326,1
8326,8327,1
8327,8328,1
8328,8329,1
8329,8330,0
8330,8331,1
8331,8332,1
8332,8333,1
8333,8334,1
8334,8335,1
8335,8336,1
8336,8337,1
8337,8338,1
8338,8339,1
8339,8340,1
8340,8341,1
8341,8342,1
8342,8343,1
8343,8344,1
8344,8345,0
8345,8346,1
8346,8347,1
8347,8348,1
8348,8349,0
8349,8350,1
8350,8351,1
8351,8352,1
8352,8353,1
8353,8354,0
8354,8355,1
8355,8356,1
8356,8357,1
8357,8358,1
8358,8359,1
8359,8360,1
8360,8361,0
8361,8362,1
8362,8363,1
8363,8364,0
8364,8365,1
8365,8366,1
8366,8367,1
8367,8368,1
8368,8369,1
8369,8370,1
8370,8371,1
8371,8372,1
8372,8373,1
8373,8374,1
8374,8375,1
8375,8376,1
8376,8377,1
8377,8378,0
8378,8379,1
8379,8380,1
8380,8381,1
8381,8382,0
8382,8383,1
8383,8384,0
8384,8385,1
8385,8386,0
8386,8387,1
8387,8388,1
8388,8389,1
8389,8390,1
8390,8391,1
8391,8392,1
8392,8393,0
8393,8394,1
8394,8395,1
8395,8396,1
8396,8397,0
8397,8398,1
8398,8399,1
8399,8400,1
8400,8401,1
8401,8402,1
8402,8403,1
8403,8404,1
8404,8405,1
8405,8406,1
8406,8407,0
8407,8408,0
8408,8409,1
8409,8410,1
8410,8411,1
8411,8412,1
8412,8413,1
8413,8414,1
8414,8415,1
8415,8416,1
8416,8417,1
8417,8418,0
8418,8419,1
8419,8420,1
8420,8421,0
8421,8422,1
8422,8423,0
8423,8424,1
8424,8425,1
8425,8426,1
8426,8427,1
8427,8428,1
8428,8429,1
8429,8430,1
8430,8431,1
8431,8432,1
8432,8433,1
8433,8434,1
8434,8435,0
8435,8436,1
8436,8437,1
8437,8438,1
8438,8439,0
8439,8440,1
8440,8441,1
8441,8442,1
8442,8443,1
8443,8444,1
8444,8445,1
8445,8446,1
8446,8447,1
8447,8448,1
8448,8449,1
8449,8450,1
8450,8451,1
8451,8452,1
8452,8453,1
8453,8454,0
8454,8455,1
8455,8456,1
8456,8457,1
8457,8458,1
8458,8459,0
8459,8460,1
8460,8461,0
8461,8462,0
8462,8463,0
8463,8464,1
8464,8465,1
8465,8466,0
8466,8467,1
8467,8468,1
8468,8469,1
8469,8470,1
8470,8471,1
8471,8472,1
8472,8473,0
8473,8474,1
8474,8475,1
8475,8476,1
8476,8477,1
8477,8478,1
8478,8479,1
8479,8480,1
8480,8481,1
8481,8482,1
8482,8483,1
8483,8484,0
8484,8485,1
8485,8486,1
8486,8487,0
8487,8488,1
8488,8489,1
8489,8490,1
8490,8491,1
8491,8492,1
8492,8493,1
8493,8494,1
8494,8495,1
8495,8496,1
8496,8497,1
8497,8498,1
8498,8499,0
8499,8500,1
8500,8501,1
8501,8502,1
8502,8503,1
8503,8504,1
8504,8505,1
8505,8506,1
8506,8507,1
8507,8508,1
8508,8509,1
8509,8510,1
8510,8511,1
8511,8512,0
8512,8513,1
8513,8514,1
8514,8515,1
8515,8516,0
8516,8517,1
8517,8518,1
8518,8519,1
8519,8520,1
8520,8521,1
8521,8522,1
8522,8523,1
8523,8524,1
8524,8525,0
8525,8526,1
8526,8527,1
8527,8528,1
8528,8529,1
8529,8530,1
8530,8531,0
8531,8532,1
8532,8533,0
8533,8534,1
8534,8535,0
8535,8536,1
8536,8537,1
8537,8538,1
8538,8539,1
8539,8540,1
8540,8541,1
8541,8542,1
8542,8543,0
8543,8544,1
8544,8545,1
8545,8546,0
8546,8547,1
8547,8548,0
8548,8549,1
8549,8550,1
8550,8551,1
8551,8552,1
8552,8553,0
8553,8554,0
8554,8555,1
8555,8556,1
8556,8557,1
8557,8558,1
8558,8559,1
8559,8560,1
8560,8561,1
8561,8562,1
8562,8563,0
8563,8564,0
8564,8565,1
8565,8566,1
8566,8567,1
8567,8568,0
8568,8569,1
8569,8570,1
8570,8571,1
8571,8572,1
8572,8573,1
8573,8574,0
8574,8575,1
8575,8576,1
8576,8577,1
8577,8578,1
8578,8579,1
8579,8580,1
8580,8581,0
8581,8582,1
8582,8583,1
8583,8584,1
8584,8585,1
8585,8586,1
8586,8587,1
8587,8588,1
8588,8589,1
8589,8590,1
8590,8591,0
8591,8592,1
8592,8593,1
8593,8594,1
8594,8595,1
8595,8596,1
8596,8597,1
8597,8598,1
8598,8599,1
8599,8600,1
8600,8601,1
8601,8602,1
8602,8603,0
8603,8604,1
8604,8605,1
8605,8606,1
8606,8607,0
8607,8608,1
8608,8609,1
8609,8610,1
8610,8611,0
8611,8612,1
8612,8613,0
8613,8614,1
8614,8615,0
8615,8616,1
8616,8617,1
8617,8618,1
8618,8619,1
8619,8620,1
8620,8621,1
8621,8622,1
8622,8623,0
8623,8624,1
8624,8625,1
8625,8626,1
8626,8627,0
8627,8628,1
8628,8629,1
8629,8630,1
8630,8631,1
8631,8632,1
8632,8633,1
8633,8634,1
8634,8635,1
8635,8636,1
8636,8637,1
8637,8638,1
8638,8639,0
8639,8640,0
8640,8641,1
8641,8642,0
8642,8643,1
8643,8644,1
8644,8645,1
8645,8646,1
8646,8647,1
8647,8648,1
8648,8649,1
8649,8650,1
8650,8651,1
8651,8652,1
8652,8653,1
8653,8654,1
8654,8655,0
8655,8656,1
8656,8657,1
8657,8658,1
8658,8659,1
8659,8660,1
8660,8661,1
8661,8662,1
8662,8663,1
8663,8664,0
8664,8665,1
8665,8666,1
8666,8667,1
8667,8668,1
8668,8669,1
8669,8670,1
8670,8671,1
8671,8672,1
8672,8673,1
8673,8674,1
8674,8675,1
8675,8676,1
8676,8677,1
8677,8678,1
8678,8679,1
8679,8680,1
8680,8681,1
8681,8682,1
8682,8683,1
8683,8684,1
8684,8685,0
8685,8686,1
8686,8687,1
8687,8688,1
8688,8689,1
8689,8690,1
8690,8691,1
8691,8692,1
8692,8693,1
8693,8694,1
8694,8695,1
8695,8696,1
8696,8697,1
8697,8698,1
8698,8699,1
8699,8700,1
8700,8701,1
8701,8702,0
8702,8703,1
8703,8704,1
8704,8705,0
8705,8706,1
8706,8707,1
8707,8708,1
8708,8709,1
8709,8710,0
8710,8711,0
8711,8712,1
8712,8713,1
8713,8714,1
8714,8715,1
8715,8716,1
8716,8717,0
8717,8718,1
8718,8719,1
8719,8720,1
8720,8721,1
8721,8722,1
8722,8723,1
8723,8724,0
8724,8725,1
8725,8726,1
8726,8727,0
8727,8728,1
8728,8729,0
8729,8730,1
8730,8731,1
8731,8732,1
8732,8733,1
8733,8734,0
8734,8735,1
8735,8736,1
8736,8737,1
8737,8738,1
8738,8739,0
8739,8740,1
8740,8741,1
8741,8742,1
8742,8743,1
8743,8744,1
8744,8745,1
8745,8746,1
8746,8747,0
8747,8748,1
8748,8749,1
8749,8750,1
8750,8751,1
8751,8752,1
8752,8753,1
8753,8754,1
8754,8755,1
8755,8756,1
8756,8757,1
8757,8758,0
8758,8759,1
8759,8760,1
8760,8761,0
8761,8762,1
8762,8763,1
8763,8764,1
8764,8765,1
8765,8766,1
8766,8767,1
8767,8768,1
8768,8769,1
8769,8770,1
8770,8771,1
8771,8772,0
8772,8773,1
8773,8774,1
8774,8775,1
8775,8776,1
8776,8777,1
8777,8778,1
8778,8779,0
8779,8780,1
8780,8781,0
8781,8782,1
8782,8783,0
8783,8784,1
8784,8785,1
8785,8786,1
8786,8787,0
8787,8788,1
8788,8789,1
8789,8790,1
8790,8791,1
8791,8792,1
8792,8793,1
8793,8794,1
8794,8795,1
8795,8796,1
8796,8797,0
8797,8798,1
8798,8799,1
8799,8800,1
8800,8801,0
8801,8802,1
8802,8803,0
8803,8804,1
8804,8805,0
8805,8806,1
8806,8807,1
8807,8808,1
8808,8809,1
8809,8810,1
8810,8811,1
8811,8812,1
8812,8813,1
8813,8814,1
8814,8815,1
8815,8816,1
8816,8817,1
8817,8818,1
8818,8819,1
8819,8820,1
8820,8821,1
8821,8822,1
8822,8823,1
8823,8824,1
8824,8825,0
8825,8826,1
8826,8827,0
8827,8828,1
8828,8829,1
8829,8830,0
8830,8831,1
8831,8832,1
8832,8833,1
8833,8834,1
8834,8835,0
8835,8836,0
8836,8837,1
8837,8838,0
8838,8839,1
8839,8840,1
8840,8841,0
8841,8842,1
8842,8843,1
8843,8844,1
8844,8845,1
8845,8846,1
8846,8847,1
8847,8848,0
8848,8849,0
8849,8850,1
8850,8851,1
8851,8852,1
8852,8853,1
8853,8854,1
8854,8855,1
8855,8856,1
8856,8857,1
8857,8858,1
8858,8859,1
8859,8860,1
8860,8861,1
8861,8862,1
8862,8863,1
8863,8864,1
8864,8865,1
8865,8866,1
8866,8867,1
8867,8868,1
8868,8869,1
8869,8870,1
8870,8871,1
8871,8872,1
8872,8873,1
8873,8874,1
8874,8875,1
8875,8876,1
8876,8877,1
8877,8878,1
8878,8879,0
8879,8880,1
8880,8881,1
8881,8882,1
8882,8883,0
8883,8884,1
8884,8885,1
8885,8886,1
8886,8887,1
8887,8888,1
8888,8889,0
8889,8890,1
8890,8891,1
8891,8892,0
8892,8893,1
8893,8894,0
8894,8895,1
8895,8896,1
8896,8897,1
8897,8898,1
8898,8899,1
8899,8900,1
8900,8901,1
8901,8902,1
8902,8903,1
8903,8904,1
8904,8905,0
8905,8906,0
8906,8907,1
8907,8908,0
8908,8909,0
8909,8910,1
8910,8911,1
8911,8912,1
8912,8913,0
8913,8914,1
8914,8915,1
8915,8916,1
8916,8917,0
8917,8918,1
8918,8919,1
8919,8920,1
8920,8921,0
8921,8922,1
8922,8923,1
8923,8924,1
8924,8925,1
8925,8926,1
8926,8927,1
8927,8928,1
8928,8929,1
8929,8930,0
8930,8931,1
8931,8932,1
8932,8933,1
8933,8934,1
8934,8935,0
8935,8936,1
8936,8937,0
8937,8938,1
8938,8939,1
8939,8940,1
8940,8941,1
8941,8942,0
8942,8943,1
8943,8944,0
8944,8945,1
8945,8946,0
8946,8947,1
8947,8948,1
8948,8949,1
8949,8950,1
8950,8951,1
8951,8952,1
8952,8953,1
8953,8954,1
8954,8955,0
8955,8956,1
8956,8957,1
8957,8958,0
8958,8959,1
8959,8960,1
8960,8961,1
8961,8962,1
8962,8963,1
8963,8964,1
8964,8965,0
8965,8966,1
8966,8967,0
8967,8968,0
8968,8969,1
8969,8970,0
8970,8971,1
8971,8972,1
8972,8973,1
8973,8974,1
8974,8975,0
8975,8976,1
8976,8977,0
8977,8978,0
8978,8979,1
8979,8980,1
8980,8981,1
8981,8982,1
8982,8983,1
8983,8984,1
8984,8985,1
8985,8986,0
8986,8987,0
8987,8988,1
8988,8989,1
8989,8990,1
8990,8991,1
8991,8992,1
8992,8993,0
8993,8994,1
8994,8995,1
8995,8996,0
8996,8997,1
8997,8998,1
8998,8999,1
8999,9000,1
9000,9001,0
9001,9002,1
9002,9003,1
9003,9004,0
9004,9005,1
9005,9006,1
9006,9007,1
9007,9008,1
9008,9009,0
9009,9010,1
9010,9011,1
9011,9012,0
9012,9013,1
9013,9014,1
9014,9015,1
9015,9016,1
9016,9017,1
9017,9018,0
9018,9019,1
9019,9020,1
9020,9021,1
9021,9022,1
9022,9023,1
9023,9024,0
9024,9025,1
9025,9026,1
9026,9027,1
9027,9028,1
9028,9029,1
9029,9030,1
9030,9031,1
9031,9032,1
9032,9033,1
9033,9034,1
9034,9035,1
9035,9036,0
9036,9037,0
9037,9038,1
9038,9039,1
9039,9040,1
9040,9041,1
9041,9042,1
9042,9043,1
9043,9044,1
9044,9045,0
9045,9046,1
9046,9047,1
9047,9048,1
9048,9049,1
9049,9050,1
9050,9051,1
9051,9052,1
9052,9053,1
9053,9054,0
9054,9055,1
9055,9056,0
9056,9057,0
9057,9058,0
9058,9059,0
9059,9060,0
9060,9061,1
9061,9062,1
9062,9063,1
9063,9064,0
9064,9065,1
9065,9066,0
9066,9067,1
9067,9068,1
9068,9069,1
9069,9070,1
9070,9071,1
9071,9072,1
9072,9073,1
9073,9074,1
9074,9075,0
9075,9076,1
9076,9077,0
9077,9078,0
9078,9079,1
9079,9080,0
9080,9081,1
9081,9082,1
9082,9083,1
9083,9084,1
9084,9085,0
9085,9086,1
9086,9087,1
9087,9088,1
9088,9089,1
9089,9090,1
9090,9091,1
9091,9092,0
9092,9093,1
9093,9094,1
9094,9095,1
9095,9096,0
9096,9097,0
9097,9098,1
9098,9099,1
9099,9100,1
9100,9101,1
9101,9102,1
9102,9103,1
9103,9104,1
9104,9105,1
9105,9106,1
9106,9107,1
9107,9108,1
9108,9109,0
9109,9110,1
9110,9111,1
9111,9112,1
9112,9113,0
9113,9114,1
9114,9115,1
9115,9116,1
9116,9117,0
9117,9118,1
9118,9119,1
9119,9120,1
9120,9121,1
9121,9122,1
9122,9123,1
9123,9124,1
9124,9125,1
9125,9126,1
9126,9127,1
9127,9128,0
9128,9129,1
9129,9130,0
9130,9131,1
9131,9132,1
9132,9133,1
9133,9134,1
9134,9135,1
9135,9136,0
9136,9137,1
9137,9138,1
9138,9139,1
9139,9140,1
9140,9141,1
9141,9142,1
9142,9143,0
9143,9144,0
9144,9145,1
9145,9146,1
9146,9147,1
9147,9148,1
9148,9149,1
9149,9150,1
9150,9151,1
9151,9152,1
9152,9153,1
9153,9154,1
9154,9155,1
9155,9156,1
9156,9157,0
9157,9158,1
9158,9159,1
9159,9160,1
9160,9161,1
9161,9162,0
9162,9163,1
9163,9164,1
9164,9165,0
9165,9166,0
9166,9167,1
9167,9168,1
9168,9169,1
9169,9170,1
9170,9171,1
9171,9172,0
9172,9173,0
9173,9174,1
9174,9175,1
9175,9176,0
9176,9177,1
9177,9178,1
9178,9179,1
9179,9180,1
9180,9181,1
9181,9182,0
9182,9183,1
9183,9184,1
9184,9185,1
9185,9186,1
9186,9187,1
9187,9188,1
9188,9189,1
9189,9190,1
9190,9191,1
9191,9192,0
9192,9193,1
9193,9194,1
9194,9195,1
9195,9196,0
9196,9197,0
9197,9198,1
9198,9199,1
9199,9200,1
9200,9201,1
9201,9202,0
9202,9203,1
9203,9204,1
9204,9205,1
9205,9206,1
9206,9207,0
9207,9208,0
9208,9209,1
9209,9210,1
9210,9211,1
9211,9212,1
9212,9213,1
9213,9214,1
9214,9215,1
9215,9216,1
9216,9217,1
9217,9218,1
9218,9219,1
9219,9220,1
9220,9221,0
9221,9222,1
9222,9223,1
9223,9224,1
9224,9225,1
9225,9226,1
9226,9227,1
9227,9228,1
9228,9229,0
9229,9230,1
9230,9231,1
9231,9232,1
9232,9233,1
9233,9234,1
9234,9235,1
9235,9236,0
9236,9237,1
9237,9238,1
9238,9239,0
9239,9240,1
9240,9241,1
9241,9242,1
9242,9243,1
9243,9244,1
9244,9245,1
9245,9246,1
9246,9247,1
9247,9248,1
9248,9249,1
9249,9250,1
9250,9251,1
9251,9252,1
9252,9253,1
9253,9254,1
9254,9255,1
9255,9256,1
9256,9257,1
9257,9258,1
9258,9259,1
9259,9260,1
9260,9261,1
9261,9262,1
9262,9263,0
9263,9264,0
9264,9265,1
9265,9266,0
9266,9267,1
9267,9268,0
9268,9269,1
9269,9270,1
9270,9271,1
9271,9272,1
9272,9273,1
9273,9274,1
9274,9275,1
9275,9276,1
9276,9277,1
9277,9278,1
9278,9279,0
9279,9280,1
9280,9281,1
9281,9282,1
9282,9283,1
9283,9284,1
9284,9285,0
9285,9286,1
9286,9287,1
9287,9288,1
9288,9289,1
9289,9290,1
9290,9291,1
9291,9292,0
9292,9293,0
9293,9294,0
9294,9295,1
9295,9296,1
9296,9297,1
9297,9298,1
9298,9299,1
9299,9300,1
9300,9301,1
9301,9302,1
9302,9303,1
9303,9304,1
9304,9305,0
9305,9306,0
9306,9307,1
9307,9308,1
9308,9309,1
9309,9310,1
9310,9311,1
9311,9312,1
9312,9313,1
9313,9314,1
9314,9315,0
9315,9316,1
9316,9317,0
9317,9318,1
9318,9319,1
9319,9320,1
9320,9321,1
9321,9322,1
9322,9323,1
9323,9324,1
9324,9325,1
9325,9326,0
9326,9327,1
9327,9328,1
9328,9329,1
9329,9330,0
9330,9331,1
9331,9332,1
9332,9333,1
9333,9334,1
9334,9335,0
9335,9336,1
9336,9337,1
9337,9338,1
9338,9339,1
9339,9340,1
9340,9341,1
9341,9342,1
9342,9343,1
9343,9344,1
9344,9345,1
9345,9346,1
9346,9347,1
9347,9348,1
9348,9349,1
9349,9350,1
9350,9351,1
9351,9352,1
9352,9353,1
9353,9354,0
9354,9355,1
9355,9356,1
9356,9357,1
9357,9358,1
9358,9359,1
9359,9360,1
9360,9361,1
9361,9362,1
9362,9363,1
9363,9364,1
9364,9365,1
9365,9366,1
9366,9367,1
9367,9368,1
9368,9369,1
9369,9370,1
9370,9371,1
9371,9372,1
9372,9373,1
9373,9374,0
9374,9375,1
9375,9376,1
9376,9377,0
9377,9378,1
9378,9379,0
9379,9380,1
9380,9381,1
9381,9382,0
9382,9383,1
9383,9384,1
9384,9385,0
9385,9386,1
9386,9387,1
9387,9388,1
9388,9389,1
9389,9390,1
9390,9391,1
9391,9392,1
9392,9393,0
9393,9394,1
9394,9395,1
9395,9396,1
9396,9397,1
9397,9398,1
9398,9399,0
9399,9400,1
9400,9401,1
9401,9402,1
9402,9403,1
9403,9404,1
9404,9405,0
9405,9406,1
9406,9407,0
9407,9408,0
9408,9409,1
9409,9410,1
9410,9411,1
9411,9412,1
9412,9413,0
9413,9414,1
9414,9415,1
9415,9416,1
9416,9417,1
9417,9418,1
9418,9419,1
9419,9420,1
9420,9421,1
9421,9422,0
9422,9423,1
9423,9424,1
9424,9425,1
9425,9426,1
9426,9427,1
9427,9428,1
9428,9429,1
9429,9430,1
9430,9431,1
9431,9432,1
9432,9433,0
9433,9434,1
9434,9435,1
9435,9436,1
9436,9437,1
9437,9438,1
9438,9439,1
9439,9440,1
9440,9441,1
9441,9442,1
9442,9443,1
9443,9444,1
9444,9445,1
9445,9446,1
9446,9447,1
9447,9448,1
9448,9449,0
9449,9450,0
9450,9451,0
9451,9452,1
9452,9453,1
9453,9454,1
9454,9455,0
9455,9456,0
9456,9457,1
9457,9458,1
9458,9459,1
9459,9460,1
9460,9461,1
9461,9462,1
9462,9463,1
9463,9464,1
9464,9465,1
9465,9466,0
9466,9467,1
9467,9468,1
9468,9469,0
9469,9470,1
9470,9471,1
9471,9472,1
9472,9473,1
9473,9474,1
9474,9475,1
9475,9476,1
9476,9477,1
9477,9478,1
9478,9479,1
9479,9480,0
9480,9481,1
9481,9482,1
9482,9483,0
9483,9484,1
9484,9485,1
9485,9486,1
9486,9487,0
9487,9488,1
9488,9489,1
9489,9490,0
9490,9491,1
9491,9492,0
9492,9493,1
9493,9494,1
9494,9495,1
9495,9496,0
9496,9497,1
9497,9498,1
9498,9499,1
9499,9500,1
9500,9501,1
9501,9502,1
9502,9503,1
9503,9504,1
9504,9505,1
9505,9506,1
9506,9507,1
9507,9508,1
9508,9509,1
9509,9510,1
9510,9511,1
9511,9512,1
9512,9513,1
9513,9514,1
9514,9515,1
9515,9516,1
9516,9517,0
9517,9518,1
9518,9519,0
9519,9520,1
9520,9521,0
9521,9522,1
9522,9523,1
9523,9524,1
9524,9525,1
9525,9526,1
9526,9527,1
9527,9528,1
9528,9529,1
9529,9530,1
9530,9531,1
9531,9532,1
9532,9533,1
9533,9534,1
9534,9535,1
9535,9536,1
9536,9537,1
9537,9538,1
9538,9539,1
9539,9540,1
9540,9541,0
9541,9542,1
9542,9543,1
9543,9544,1
9544,9545,1
9545,9546,1
9546,9547,1
9547,9548,1
9548,9549,1
9549,9550,1
9550,9551,1
9551,9552,1
9552,9553,1
9553,9554,1
9554,9555,1
9555,9556,0
9556,9557,1
9557,9558,1
9558,9559,1
9559,9560,1
9560,9561,1
9561,9562,1
9562,9563,0
9563,9564,1
9564,9565,1
9565,9566,1
9566,9567,1
9567,9568,0
9568,9569,0
9569,9570,1
9570,9571,0
9571,9572,1
9572,9573,1
9573,9574,1
9574,9575,1
9575,9576,1
9576,9577,0
9577,9578,0
9578,9579,1
9579,9580,1
9580,9581,1
9581,9582,1
9582,9583,1
9583,9584,1
9584,9585,0
9585,9586,1
9586,9587,1
9587,9588,1
9588,9589,1
9589,9590,0
9590,9591,1
9591,9592,1
9592,9593,1
9593,9594,1
9594,9595,0
9595,9596,1
9596,9597,1
9597,9598,1
9598,9599,1
9599,9600,1
9600,9601,1
9601,9602,1
9602,9603,1
9603,9604,1
9604,9605,1
9605,9606,1
9606,9607,1
9607,9608,1
9608,9609,1
9609,9610,0
9610,9611,0
9611,9612,1
9612,9613,1
9613,9614,1
9614,9615,1
9615,9616,0
9616,9617,1
9617,9618,1
9618,9619,1
9619,9620,0
9620,9621,0
9621,9622,1
9622,9623,1
9623,9624,1
9624,9625,1
9625,9626,1
9626,9627,1
9627,9628,0
9628,9629,1
9629,9630,1
9630,9631,1
9631,9632,1
9632,9633,1
9633,9634,1
9634,9635,1
9635,9636,1
9636,9637,1
9637,9638,1
9638,9639,1
9639,9640,1
9640,9641,1
9641,9642,1
9642,9643,1
9643,9644,0
9644,9645,1
9645,9646,0
9646,9647,1
9647,9648,0
9648,9649,1
9649,9650,0
9650,9651,1
9651,9652,0
9652,9653,1
9653,9654,1
9654,9655,1
9655,9656,1
9656,9657,0
9657,9658,1
9658,9659,1
9659,9660,0
9660,9661,1
9661,9662,1
9662,9663,0
9663,9664,0
9664,9665,1
9665,9666,1
9666,9667,1
9667,9668,1
9668,9669,0
9669,9670,1
9670,9671,1
9671,9672,1
9672,9673,1
9673,9674,1
9674,9675,1
9675,9676,1
9676,9677,0
9677,9678,1
9678,9679,1
9679,9680,1
9680,9681,1
9681,9682,1
9682,9683,1
9683,9684,1
9684,9685,1
9685,9686,0
9686,9687,1
9687,9688,1
9688,9689,1
9689,9690,1
9690,9691,1
9691,9692,1
9692,9693,1
9693,9694,1
9694,9695,0
9695,9696,1
9696,9697,1
9697,9698,1
9698,9699,1
9699,9700,1
9700,9701,1
9701,9702,1
9702,9703,1
9703,9704,1
9704,9705,1
9705,9706,1
9706,9707,1
9707,9708,1
9708,9709,1
9709,9710,1
9710,9711,1
9711,9712,1
9712,9713,1
9713,9714,1
9714,9715,1
9715,9716,1
9716,9717,1
9717,9718,1
9718,9719,1
9719,9720,1
9720,9721,1
9721,9722,1
9722,9723,1
9723,9724,1
9724,9725,1
9725,9726,1
9726,9727,0
9727,9728,1
9728,9729,1
9729,9730,1
9730,9731,1
9731,9732,1
9732,9733,0
9733,9734,1
9734,9735,1
9735,9736,1
9736,9737,1
9737,9738,1
9738,9739,1
9739,9740,1
9740,9741,1
9741,9742,1
9742,9743,0
9743,9744,1
9744,9745,1
9745,9746,1
9746,9747,0
9747,9748,1
9748,9749,1
9749,9750,0
9750,9751,1
9751,9752,0
9752,9753,1
9753,9754,1
9754,9755,0
9755,9756,1
9756,9757,1
9757,9758,1
9758,9759,0
9759,9760,1
9760,9761,0
9761,9762,1
9762,9763,1
9763,9764,0
9764,9765,1
9765,9766,1
9766,9767,0
9767,9768,1
9768,9769,1
9769,9770,1
9770,9771,1
9771,9772,0
9772,9773,1
9773,9774,1
9774,9775,1
9775,9776,1
9776,9777,1
9777,9778,1
9778,9779,1
9779,9780,1
9780,9781,1
9781,9782,1
9782,9783,1
9783,9784,1
9784,9785,1
9785,9786,1
9786,9787,0
9787,9788,1
9788,9789,1
9789,9790,1
9790,9791,1
9791,9792,1
9792,9793,1
9793,9794,1
9794,9795,1
9795,9796,1
9796,9797,1
9797,9798,1
9798,9799,1
9799,9800,1
9800,9801,0
9801,9802,1
9802,9803,0
9803,9804,1
9804,9805,1
9805,9806,1
9806,9807,1
9807,9808,0
9808,9809,1
9809,9810,1
9810,9811,1
9811,9812,1
9812,9813,1
9813,9814,1
9814,9815,0
9815,9816,1
9816,9817,0
9817,9818,1
9818,9819,1
9819,9820,1
9820,9821,1
9821,9822,1
9822,9823,1
9823,9824,1
9824,9825,0
9825,9826,1
9826,9827,1
9827,9828,0
9828,9829,1
9829,9830,1
9830,9831,1
9831,9832,1
9832,9833,0
9833,9834,1
9834,9835,1
9835,9836,0
9836,9837,1
9837,9838,1
9838,9839,1
9839,9840,1
9840,9841,1
9841,9842,1
9842,9843,1
9843,9844,0
9844,9845,1
9845,9846,1
9846,9847,0
9847,9848,1
9848,9849,1
9849,9850,1
9850,9851,1
9851,9852,1
9852,9853,0
9853,9854,1
9854,9855,1
9855,9856,1
9856,9857,1
9857,9858,1
9858,9859,1
9859,9860,1
9860,9861,1
9861,9862,1
9862,9863,1
9863,9864,1
9864,9865,1
9865,9866,1
9866,9867,1
9867,9868,1
9868,9869,1
9869,9870,0
9870,9871,1
9871,9872,1
9872,9873,1
9873,9874,1
9874,9875,0
9875,9876,1
9876,9877,1
9877,9878,1
9878,9879,1
9879,9880,1
9880,9881,1
9881,9882,1
9882,9883,0
9883,9884,1
9884,9885,1
9885,9886,1
9886,9887,1
9887,9888,0
9888,9889,1
9889,9890,1
9890,9891,1
9891,9892,0
9892,9893,0
9893,9894,0
9894,9895,1
9895,9896,1
9896,9897,1
9897,9898,1
9898,9899,0
9899,9900,1
9900,9901,1
9901,9902,1
9902,9903,1
9903,9904,1
9904,9905,1
9905,9906,1
9906,9907,1
9907,9908,1
9908,9909,0
9909,9910,0
9910,9911,1
9911,9912,1
9912,9913,1
9913,9914,1
9914,9915,1
9915,9916,0
9916,9917,1
9917,9918,0
9918,9919,1
9919,9920,1
9920,9921,1
9921,9922,0
9922,9923,1
9923,9924,0
9924,9925,1
9925,9926,0
9926,9927,1
9927,9928,1
9928,9929,0
9929,9930,1
9930,9931,1
9931,9932,0
9932,9933,1
9933,9934,1
9934,9935,1
9935,9936,1
9936,9937,1
9937,9938,1
9938,9939,1
9939,9940,0
9940,9941,0
9941,9942,0
9942,9943,0
9943,9944,1
9944,9945,0
9945,9946,0
9946,9947,1
9947,9948,1
9948,9949,1
9949,9950,1
9950,9951,1
9951,9952,1
9952,9953,1
9953,9954,1
9954,9955,1
9955,9956,0
9956,9957,1
9957,9958,1
9958,9959,1
9959,9960,1
9960,9961,1
9961,9962,1
9962,9963,1
9963,9964,1
9964,9965,1
9965,9966,1
9966,9967,1
9967,9968,1
9968,9969,0
9969,9970,1
9970,9971,0
9971,9972,1
9972,9973,1
9973,9974,0
9974,9975,1
9975,9976,0
9976,9977,1
9977,9978,0
9978,9979,1
9979,9980,1
9980,9981,1
9981,9982,0
9982,9983,0
9983,9984,1
9984,9985,1
9985,9986,1
9986,9987,1
9987,9988,0
9988,9989,1
9989,9990,1
9990,9991,1
9991,9992,1
9992,9993,0
9993,9994,1
9994,9995,1
9995,9996,1
9996,9997,1
9997,9998,1
9998,9999,0
9999,10000,1
10000,10001,1
10001,10002,1
10002,10003,1
10003,10004,1
10004,10005,0
10005,10006,1
10006,10007,1
10007,10008,1
10008,10009,1
10009,10010,1
10010,10011,1
10011,10012,1
10012,10013,1
10013,10014,1
10014,10015,1
10015,10016,1
10016,10017,1
10017,10018,1
10018,10019,0
10019,10020,1
10020,10021,1
10021,10022,1
10022,10023,1
10023,10024,1
10024,10025,1
10025,10026,1
10026,10027,0
10027,10028,0
10028,10029,1
10029,10030,1
10030,10031,0
10031,10032,1
10032,10033,1
10033,10034,1
10034,10035,1
10035,10036,0
10036,10037,1
10037,10038,1
10038,10039,1
10039,10040,1
10040,10041,1
10041,10042,1
10042,10043,1
10043,10044,0
10044,10045,1
10045,10046,1
10046,10047,1
10047,10048,1
10048,10049,0
10049,10050,1
10050,10051,1
10051,10052,1
10052,10053,1
10053,10054,1
10054,10055,1
10055,10056,1
10056,10057,1
10057,10058,0
10058,10059,1
10059,10060,1
10060,10061,1
10061,10062,0
10062,10063,1
10063,10064,1
10064,10065,1
10065,10066,1
10066,10067,1
10067,10068,1
10068,10069,1
10069,10070,1
10070,10071,1
10071,10072,1
10072,10073,1
10073,10074,1
10074,10075,1
10075,10076,1
10076,10077,0
10077,10078,1
10078,10079,1
10079,10080,1
10080,10081,1
10081,10082,1
10082,10083,1
10083,10084,1
10084,10085,0
10085,10086,1
10086,10087,0
10087,10088,1
10088,10089,1
10089,10090,1
10090,10091,1
10091,10092,0
10092,10093,1
10093,10094,1
10094,10095,1
10095,10096,1
10096,10097,1
10097,10098,1
10098,10099,1
10099,10100,0
10100,10101,0
10101,10102,1
10102,10103,1
10103,10104,1
10104,10105,1
10105,10106,1
10106,10107,1
10107,10108,1
10108,10109,1
10109,10110,1
10110,10111,0
10111,10112,0
10112,10113,0
10113,10114,1
10114,10115,1
10115,10116,1
10116,10117,0
10117,10118,1
10118,10119,1
10119,10120,1
10120,10121,0
10121,10122,1
10122,10123,1
10123,10124,1
10124,10125,1
10125,10126,1
10126,10127,1
10127,10128,1
10128,10129,1
10129,10130,1
10130,10131,1
10131,10132,0
10132,10133,1
10133,10134,1
10134,10135,1
10135,10136,1
10136,10137,1
10137,10138,1
10138,10139,1
10139,10140,1
10140,10141,0
10141,10142,1
10142,10143,1
10143,10144,0
10144,10145,1
10145,10146,1
10146,10147,1
10147,10148,1
10148,10149,1
10149,10150,0
10150,10151,1
10151,10152,1
10152,10153,1
10153,10154,1
10154,10155,0
10155,10156,1
10156,10157,1
10157,10158,1
10158,10159,1
10159,10160,1
10160,10161,1
10161,10162,1
10162,10163,1
10163,10164,1
10164,10165,0
10165,10166,1
10166,10167,1
10167,10168,0
10168,10169,1
10169,10170,0
10170,10171,1
10171,10172,1
10172,10173,1
10173,10174,1
10174,10175,1
10175,10176,1
10176,10177,1
10177,10178,1
10178,10179,1
10179,10180,1
10180,10181,0
10181,10182,1
10182,10183,1
10183,10184,0
10184,10185,1
10185,10186,1
10186,10187,1
10187,10188,1
10188,10189,1
10189,10190,0
10190,10191,1
10191,10192,1
10192,10193,0
10193,10194,1
10194,10195,1
10195,10196,0
10196,10197,1
10197,10198,1
10198,10199,1
10199,10200,1
10200,10201,1
10201,10202,1
10202,10203,1
10203,10204,1
10204,10205,1
10205,10206,1
10206,10207,0
10207,10208,1
10208,10209,1
10209,10210,1
10210,10211,1
10211,10212,1
10212,10213,1
10213,10214,1
10214,10215,1
10215,10216,1
10216,10217,0
10217,10218,1
10218,10219,1
10219,10220,1
10220,10221,1
10221,10222,0
10222,10223,1
10223,10224,1
10224,10225,1
10225,10226,1
10226,10227,1
10227,10228,1
10228,10229,1
10229,10230,1
10230,10231,1
10231,10232,0
10232,10233,1
10233,10234,1
10234,10235,0
10235,10236,1
10236,10237,0
10237,10238,1
10238,10239,1
10239,10240,1
10240,10241,1
10241,10242,1
10242,10243,1
10243,10244,1
10244,10245,0
10245,10246,1
10246,10247,1
10247,10248,0
10248,10249,1
10249,10250,1
10250,10251,1
10251,10252,1
10252,10253,0
10253,10254,1
10254,10255,1
10255,10256,0
10256,10257,0
10257,10258,0
10258,10259,1
10259,10260,1
10260,10261,1
10261,10262,1
10262,10263,0
10263,10264,1
10264,10265,1
10265,10266,1
10266,10267,1
10267,10268,1
10268,10269,0
10269,10270,0
10270,10271,0
10271,10272,1
10272,10273,0
10273,10274,1
10274,10275,1
10275,10276,1
10276,10277,1
10277,10278,0
10278,10279,0
10279,10280,0
10280,10281,1
10281,10282,1
10282,10283,1
10283,10284,1
10284,10285,1
10285,10286,1
10286,10287,1
10287,10288,0
10288,10289,1
10289,10290,1
10290,10291,1
10291,10292,1
10292,10293,1
10293,10294,0
10294,10295,1
10295,10296,1
10296,10297,1
10297,10298,1
10298,10299,0
10299,10300,1
10300,10301,1
10301,10302,1
10302,10303,1
10303,10304,1
10304,10305,1
10305,10306,1
10306,10307,1
10307,10308,1
10308,10309,1
10309,10310,1
10310,10311,1
10311,10312,1
10312,10313,1
10313,10314,1
10314,10315,1
10315,10316,1
10316,10317,1
10317,10318,1
10318,10319,1
10319,10320,1
10320,10321,1
10321,10322,1
10322,10323,1
10323,10324,1
10324,10325,1
10325,10326,1
10326,10327,1
10327,10328,0
10328,10329,1
10329,10330,1
10330,10331,0
10331,10332,0
10332,10333,0
10333,10334,0
10334,10335,0
10335,10336,1
10336,10337,1
10337,10338,1
10338,10339,1
10339,10340,1
10340,10341,0
10341,10342,1
10342,10343,1
10343,10344,0
10344,10345,1
10345,10346,0
10346,10347,0
10347,10348,1
10348,10349,1
10349,10350,1
10350,10351,1
10351,10352,1
10352,10353,1
10353,10354,1
10354,10355,1
10355,10356,1
10356,10357,1
10357,10358,1
10358,10359,0
10359,10360,1
10360,10361,0
10361,10362,1
10362,10363,1
10363,10364,1
10364,10365,1
10365,10366,0
10366,10367,0
10367,10368,1
10368,10369,1
10369,10370,1
10370,10371,0
10371,10372,1
10372,10373,1
10373,10374,1
10374,10375,1
10375,10376,1
10376,10377,0
10377,10378,1
10378,10379,1
10379,10380,1
10380,10381,1
10381,10382,1
10382,10383,0
10383,10384,1
10384,10385,1
10385,10386,1
10386,10387,1
10387,10388,1
10388,10389,1
10389,10390,1
10390,10391,1
10391,10392,1
10392,10393,0
10393,10394,0
10394,10395,1
10395,10396,1
10396,10397,0
10397,10398,1
10398,10399,0
10399,10400,1
10400,10401,1
10401,10402,1
10402,10403,1
10403,10404,1
10404,10405,1
10405,10406,1
10406,10407,1
10407,10408,1
10408,10409,1
10409,10410,1
10410,10411,1
10411,10412,1
10412,10413,1
10413,10414,1
10414,10415,1
10415,10416,0
10416,10417,0
10417,10418,1
10418,10419,1
10419,10420,1
10420,10421,1
10421,10422,1
10422,10423,1
10423,10424,0
10424,10425,0
10425,10426,1
10426,10427,1
10427,10428,1
10428,10429,1
10429,10430,0
10430,10431,0
10431,10432,1
10432,10433,0
10433,10434,1
10434,10435,1
10435,10436,1
10436,10437,1
10437,10438,1
10438,10439,1
10439,10440,1
10440,10441,1
10441,10442,1
10442,10443,1
10443,10444,1
10444,10445,1
10445,10446,1
10446,10447,1
10447,10448,1
10448,10449,1
10449,10450,1
10450,10451,1
10451,10452,1
10452,10453,1
10453,10454,0
10454,10455,1
10455,10456,1
10456,10457,0
10457,10458,0
10458,10459,1
10459,10460,1
10460,10461,1
10461,10462,1
10462,10463,1
10463,10464,1
10464,10465,1
10465,10466,1
10466,10467,1
10467,10468,1
10468,10469,1
10469,10470,1
10470,10471,1
10471,10472,1
10472,10473,1
10473,10474,1
10474,10475,1
10475,10476,1
10476,10477,1
10477,10478,1
10478,10479,1
10479,10480,1
10480,10481,1
10481,10482,1
10482,10483,1
10483,10484,0
10484,10485,1
10485,10486,1
10486,10487,1
10487,10488,0
10488,10489,1
10489,10490,1
10490,10491,1
10491,10492,1
10492,10493,1
10493,10494,1
10494,10495,1
10495,10496,1
10496,10497,0
10497,10498,1
10498,10499,1
10499,10500,1
10500,10501,1
10501,10502,1
10502,10503,1
10503,10504,1
10504,10505,1
10505,10506,1
10506,10507,1
10507,10508,1
10508,10509,1
10509,10510,1
10510,10511,1
10511,10512,1
10512,10513,0
10513,10514,1
10514,10515,1
10515,10516,1
10516,10517,1
10517,10518,1
10518,10519,1
10519,10520,1
10520,10521,1
10521,10522,1
10522,10523,1
10523,10524,1
10524,10525,1
10525,10526,1
10526,10527,1
10527,10528,1
10528,10529,1
10529,10530,0
10530,10531,1
10531,10532,1
10532,10533,1
10533,10534,1
10534,10535,0
10535,10536,1
10536,10537,1
10537,10538,1
10538,10539,0
10539,10540,1
10540,10541,0
10541,10542,0
10542,10543,1
10543,10544,1
10544,10545,1
10545,10546,1
10546,10547,0
10547,10548,1
10548,10549,1
10549,10550,0
10550,10551,1
10551,10552,1
10552,10553,1
10553,10554,0
10554,10555,1
10555,10556,1
10556,10557,1
10557,10558,1
10558,10559,1
10559,10560,1
10560,10561,1
10561,10562,1
10562,10563,1
10563,10564,1
10564,10565,0
10565,10566,1
10566,10567,1
10567,10568,1
10568,10569,1
10569,10570,0
10570,10571,1
10571,10572,1
10572,10573,1
10573,10574,1
10574,10575,1
10575,10576,1
10576,10577,1
10577,10578,1
10578,10579,0
10579,10580,0
10580,10581,0
10581,10582,0
10582,10583,1
10583,10584,1
10584,10585,1
10585,10586,1
10586,10587,1
10587,10588,1
10588,10589,1
10589,10590,1
10590,10591,1
10591,10592,0
10592,10593,1
10593,10594,1
10594,10595,1
10595,10596,0
10596,10597,0
10597,10598,1
10598,10599,1
10599,10600,1
10600,10601,1
10601,10602,1
10602,10603,1
10603,10604,0
10604,10605,1
10605,10606,1
10606,10607,1
10607,10608,1
10608,10609,1
10609,10610,1
10610,10611,1
10611,10612,0
10612,10613,1
10613,10614,1
10614,10615,1
10615,10616,1
10616,10617,1
10617,10618,0
10618,10619,1
10619,10620,0
10620,10621,1
10621,10622,1
10622,10623,1
10623,10624,1
10624,10625,1
10625,10626,1
10626,10627,1
10627,10628,1
10628,10629,1
10629,10630,1
10630,10631,1
10631,10632,1
10632,10633,0
10633,10634,1
10634,10635,1
10635,10636,0
10636,10637,0
10637,10638,1
10638,10639,0
10639,10640,1
10640,10641,1
10641,10642,1
10642,10643,1
10643,10644,1
10644,10645,1
10645,10646,1
10646,10647,1
10647,10648,1
10648,10649,1
10649,10650,0
10650,10651,1
10651,10652,1
10652,10653,1
10653,10654,1
10654,10655,1
10655,10656,1
10656,10657,1
10657,10658,1
10658,10659,1
10659,10660,1
10660,10661,1
10661,10662,1
10662,10663,1
10663,10664,1
10664,10665,1
10665,10666,0
10666,10667,1
10667,10668,1
10668,10669,1
10669,10670,0
10670,10671,1
10671,10672,0
10672,10673,1
10673,10674,1
10674,10675,0
10675,10676,1
10676,10677,1
10677,10678,1
10678,10679,1
10679,10680,1
10680,10681,1
10681,10682,1
10682,10683,1
10683,10684,1
10684,10685,1
10685,10686,1
10686,10687,1
10687,10688,1
10688,10689,1
10689,10690,1
10690,10691,1
10691,10692,1
10692,10693,1
10693,10694,1
10694,10695,1
10695,10696,1
10696,10697,1
10697,10698,1
10698,10699,1
10699,10700,1
10700,10701,1
10701,10702,0
10702,10703,1
10703,10704,1
10704,10705,1
10705,10706,1
10706,10707,0
10707,10708,0
10708,10709,1
10709,10710,0
10710,10711,1
10711,10712,1
10712,10713,0
10713,10714,1
10714,10715,0
10715,10716,1
10716,10717,1
10717,10718,1
10718,10719,1
10719,10720,1
10720,10721,1
10721,10722,0
10722,10723,1
10723,10724,0
10724,10725,1
10725,10726,1
10726,10727,1
10727,10728,1
10728,10729,1
10729,10730,1
10730,10731,1
10731,10732,0
10732,10733,0
10733,10734,1
10734,10735,1
10735,10736,1
10736,10737,1
10737,10738,1
10738,10739,0
10739,10740,1
10740,10741,1
10741,10742,1
10742,10743,1
10743,10744,0
10744,10745,1
10745,10746,1
10746,10747,1
10747,10748,1
10748,10749,1
10749,10750,1
10750,10751,1
10751,10752,1
10752,10753,1
10753,10754,1
10754,10755,1
10755,10756,1
10756,10757,1
10757,10758,1
10758,10759,1
10759,10760,1
10760,10761,1
10761,10762,0
10762,10763,1
10763,10764,1
10764,10765,1
10765,10766,1
10766,10767,1
10767,10768,1
10768,10769,1
10769,10770,1
10770,10771,1
10771,10772,1
10772,10773,1
10773,10774,1
10774,10775,1
10775,10776,1
10776,10777,1
10777,10778,1
10778,10779,1
10779,10780,1
10780,10781,1
10781,10782,1
10782,10783,1
10783,10784,1
10784,10785,1
10785,10786,1
10786,10787,1
10787,10788,1
10788,10789,0
10789,10790,1
10790,10791,1
10791,10792,1
10792,10793,1
10793,10794,1
10794,10795,0
10795,10796,1
10796,10797,1
10797,10798,0
10798,10799,0
10799,10800,0
10800,10801,1
10801,10802,1
10802,10803,1
10803,10804,1
10804,10805,0
10805,10806,1
10806,10807,1
10807,10808,1
10808,10809,1
10809,10810,1
10810,10811,1
10811,10812,1
10812,10813,1
10813,10814,1
10814,10815,0
10815,10816,1
10816,10817,1
10817,10818,1
10818,10819,1
10819,10820,1
10820,10821,1
10821,10822,0
10822,10823,1
10823,10824,0
10824,10825,1
10825,10826,0
10826,10827,1
10827,10828,1
10828,10829,1
10829,10830,1
10830,10831,1
10831,10832,1
10832,10833,1
10833,10834,1
10834,10835,1
10835,10836,1
10836,10837,0
10837,10838,0
10838,10839,1
10839,10840,1
10840,10841,1
10841,10842,0
10842,10843,0
10843,10844,0
10844,10845,1
10845,10846,1
10846,10847,1
10847,10848,1
10848,10849,1
10849,10850,1
10850,10851,1
10851,10852,1
10852,10853,1
10853,10854,1
10854,10855,1
10855,10856,1
10856,10857,0
10857,10858,1
10858,10859,1
10859,10860,1
10860,10861,1
10861,10862,1
10862,10863,1
